id,problem,answer,solution
1,Call a 9 - digit number a cassowary if it uses each of the digits 1 through 9 exactly once. Compute the number of cassowaries that are prime.,0,"Every cassowary is divisible by 3, as the sum of its digits is $1 + 2 + ext{···} + 9 = 45$. Since all such numbers are divisible by 3 and greater than 3, none of them are prime. So, there are 0 prime cassowaries."
3,"Jacob rolls two fair six - sided dice. If the outcomes of these dice rolls are the same, he rolls a third fair six - sided die. Compute the probability that the sum of outcomes of all the dice he rolls is even.",rac{ rac{3}{2} imes ext{AO}}{3 rac{3}{2} - 3},The desired answer is then $ rac{ rac{3}{2} imes ext{AO}}{3 rac{3}{2} - 3}$
4,"Let $\triangle ABC$ be an equilateral triangle with side length 4. Across all points $P$ inside triangle $\triangle ABC$ satisfying $[PAB] + [PAC] = [PBC]$, compute the minimum possible length of $PA$. (Here, $[XYZ]$ denotes the area of triangle $\triangle XYZ$.)","geometry problem, to be processed","geometry problem, to be processed"
5,Compute the largest possible radius of a circle contained in the region defined by $|x + |y|| \leq 1$ in the coordinate plane.,"geometry problem, to be processed","geometry problem, to be processed"
6,"Let $ riangle ABC$ be an equilateral triangle. Point $D$ lies on segment $BC$ such that $BD = 1$ and $DC = 4$. Points $E$ and $F$ lie on rays $\overrightarrow{AC}$ and $\overrightarrow{AB}$, respectively, such that $D$ is the midpoint of $EF$. Compute $EF$.","Geometry problem, to be processed","Geometry problem, to be processed"
6,The number $99^{{88} \div 1001$ is an integer. Compute the sum of its prime factors.,231,"Observe $99^{{88} = 27^{6 - 16^{6 = (27^{2 - 16^{2)(27^{4 + 27^{2 \cdot 16^{2 + 16^{4) = (27 - 16)(27 + 16)(27^{2 - 27 \cdot 16 + 16^{2)(27^{2 + 27 \cdot 16 + 16^{2) = 11 \cdot 43 \cdot 553 \cdot 1417$. The remaining factorizations are motivated by the fact that $1001 = 7 \cdot 11 \cdot 13$. We see that $553 = 7 \cdot 79$ and $1417 = 13 \cdot 109$, so the answer is $43 + 79 + 109 = 231$."
8,"A checkerboard is a rectangular grid of cells colored black and white such that the top - left corner is black and no two cells of the same color share an edge. Two checkerboards are distinct if and only if they have a different number of rows or columns. For example, a 20 \times 25 checkerboard and a 25 \times 20 checkerboard are considered distinct. Compute the number of distinct checkerboards that have exactly 41 black cells.",9,"Since there is a black corner on the checkerboard, the number of white squares is at most the number of black squares. So, the board either has 40 or 41 white squares. Therefore, we want to compute the number of ordered pairs (r, c) with a product of 81 or 82. Since $81 = 3^{4$ has 5 divisors and $82 = 41 \cdot 2$ has 4 divisors, there are 9 checkerboards with exactly 41 black cells."
9,"Let $P$ and $Q$ be points selected uniformly and independently at random inside a regular hexagon $ABCDEF$. Compute the probability that segment $PQ$ is entirely contained in at least one of the quadrilaterals $ABCD$, $BCDE$, $CDEF$, $DEFA$, $EFAB$, or $FABC$.",$ rac{7}{9}$,"If $f(1) eq 1$, then $f(1)$ is equally likely to be any of $2$ through $9$ by symmetry, averaging $5.5$. Therefore, the expected value of $f(1)$ is $ rac{4}{9} imes 1 + rac{5}{9} imes 5.5 = rac{7}{9}$."
10,A square of side length 1 is dissected into two congruent pentagons. Compute the least upper bound of the perimeter of one of these pentagons.,"geometry problem, to be processed","geometry problem, to be processed"
11,Let $f(n) = n^{2 + 100$. Compute the remainder when $f(f( ext{{···}}f(f( ext{{ extbar}2025 f's extbar}} 1)) ext{{···}}))$ is divided by 104.,3101,"We claim that $f_{k(n) ot ext{{equiv}} 1 + 100(2n - 1) ext{{ mod }} 104$. We can see this by induction: \[ f(1 + 100(2n - 1)) = (1 + 100(2n - 1))^{2 + 100 \ \equiv 1 + 200(2n - 1) + 100 ext{{ (mod 104)}} \ \equiv 1 + 100(2n + 1 - 1) ext{{ (mod 104)}}. \] Thus, it suffices to compute $2^{{2025} ext{{ mod }} 100$. We note that $2^{{2025} ot ext{{equiv}} 0 ext{{ (mod 4)}}$ and by Euler's Totient theorem, $2^{{2025} ot ext{{equiv}} 25 ext{{ mod }} 25$, so $2^{{2025} ot ext{{equiv}} 32$ (mod 100). Hence, we can compute \[ f_{{2025}(1) ot ext{{equiv}} 1 + 100(31) ot ext{{equiv}} 3101 ext{{ mod }} 104. \]"
12,"Holden has a collection of polygons. He writes down a list containing the measure of each interior angle of each of his polygons. He writes down the list $30^{ ext{◦}$, $50^{ ext{◦}$, $60^{ ext{◦}$, $70^{ ext{◦}$, $90^{ ext{◦}$, $100^{ ext{◦}$, $120^{ ext{◦}$, $160^{ ext{◦}$, and $x^{ ext{◦}$, in some order. Compute $x$.",$220$,"We work in degrees. The sum of all $9$ angles is $680 + x$. The sum of the angles in a polygon with $n$ sides is $180(n - 2) \equiv 180n \mod 360$. Since there are $9$ angles, the polygons have a total of $9$ sides, so the sum of the $9$ angles must be $9 \times 180 \equiv 180 \mod 360$. Thus $680 + x \equiv 180 \mod 360$, so $x \equiv 220 \mod 360$. Since $0 < x < 360$, we know $x = 220$."
13,A number is upwards if its digits in base 10 are nondecreasing when read from left to right. Compute the number of positive integers less than $10^{6$ that are both upwards and multiples of 11.,The solution has not been provided.,The solution has not been provided.
14,A parallelogram $P$ can be folded over a straight line so that the resulting shape is a regular pentagon with side length 1. Compute the perimeter of $P$.,$5 + \sqrt{5}$,"In regular pentagon $ABCDE$ (labeled clockwise), reflect $ABDE$ across $AB$ to obtain $ABD'E'$. Then, $CDE'D'$ is one such parallelogram $P$. The length of $CD'$ is $CB + BD = 1 + 2 \cos \angle CBD = 1 + 2 \cos(\frac{\pi}{5}) = 1 + \frac{\sqrt{5} + 1}{2} = \sqrt{5} + 3$. Thus, the perimeter of $P$ is the sum of the lengths of its sides, which is $5 + \sqrt{5}$."
15,"Right triangle $\triangle DEF$ with $\angle D = 90^{\circ$ and $\angle F = 30^{\circ$ is inscribed in equilateral triangle $\triangle ABC$ such that $D$, $E$, and $F$ lie on segments $BC$, $CA$, and $AB$, respectively. Given that $BD = 7$ and $DC = 4$, compute $DE$.",$\sqrt{13}$,"From $\angle E = 60^{\circ$, we get that $\angle AEF = 120^{\circ - \angle CED = \angle CDE$. Therefore, $\triangle AEF\sim \triangle CDE$. Since $EF:DE = 2 : 1$, the ratio of similarity must be $2 : 1$, so $AE = 2CD = 8$. Recall $ABC$ has side length $7 + 4 = 11$, so $EC = 11 - 8 = 3$. Law of Cosines on $\triangle CDE$ gives $DE^{2 = \sqrt{3^{2 + 4^{2 - 3\cdot4} = \sqrt{13}$."
16,"The Cantor set is defined as the set of real numbers $x$ such that $0 \leq x < 1$ and the digit $1$ does not appear in the base - $3$ expansion of $x$. Two numbers are uniformly and independently selected at random from the Cantor set. Compute the expected value of their absolute difference. (Formally, one can pick a number $x$ uniformly at random from the Cantor set by first picking a real number $y$ uniformly at random from the interval $[0, 1)$, writing it out in binary, reading its digits as if they were in base - $3$, and setting $x$ to $2$ times the result.)",$\frac{2}{5}$,"Let $d$ be the expected value of the absolute difference. Observe that the Cantor set is made up of two smaller copies of itself, each scaled down by a factor of $3$. There is a $\frac{1}{2}$ chance that the two selected numbers are in the same copy, in which case the expected value of their absolute difference is $\frac{1}{3}d$. Otherwise, we can write them as $\frac{2 + x}{3}$ and $\frac{y}{3}$ for independently and uniformly randomly selected $x$ and $y$ in the Cantor set. Their difference is $\frac{2 + (x - y)}{3}$, which by symmetry has expected value $\frac{2}{3}$. Thus, we get the equation $d = \frac{1}{2}\cdot \frac{1}{3}d + \frac{1}{2} \cdot \frac{2}{3}$, solving for $d$ yields $d = \frac{2}{5}$."
17,"Let $f$ be a quadratic polynomial with real coefficients, and let $g_{1,g_{2,g_{3,...$ be a geometric progression of real numbers. Define $a_{n = f(n) + g_{n$. Given that $a_{1,a_{2,a_{3,a_{4,$ and $a_{5$ are equal to $1$, $2$, $3$, $14$, and $16$, respectively, compute $ rac{g_{2}{g_{1}$.",$\frac{ - 19}{10}$,"We will use the method of finite differences. Define $b_{n = a_{{n + 3}−3a_{{n + 2} + 3a_{{n + 1}−a_{n$. Since $f$ is quadratic, the third finite difference of $f$ is zero. So, $b_{n = g_{{n + 3}−3g_{{n + 2} + 3g_{{n + 1}−g_{n$. Letting the common ratio of the geometric sequence be $r$, we get that $b_{n = (r^{3−3r^{2 + 3r−1)g_{n$. So, $b_{n$ is a constant multiple of $g_{n$. Thus the ratio $ rac{g_{2}{g_{1} = rac{b_{2}{b_{1}$. Computing $b_{1 = 14−3\cdot 3 + 3\cdot 2−1 = 10$ and $b_{2 = 16−3\cdot 14 + 3 \cdot 3−3\cdot 2 = −19$, we get $ rac{g_{2}{g_{1} = rac{b_{2}{b_{1} = rac{ - 19}{10}$"
18,"Let $f: \{1,2,3, \ldots, 9\} \to \{ 1,2,3, \ldots, 9\}$ be a permutation chosen uniformly at random from the $9!$ possible permutations. Compute the expected value of $f(f(\cdots f(f(\underbrace{1}_{{2025 \text{ f's}})))\cdots)$.",7,"We first compute the probability that $f(1) = 1$. Note that $f(1) = 1$ if and only if 1 is part of a cycle whose length divides 2025. We claim that for any given $k$, the probability that 1 is in a cycle of length $k$ is given by the appropriate calculation involving cycles in permutations. Further explanations involving the distribution of cycle lengths in permutations and their relation to divisibility properties would complete the solution, showing how the expected value is obtained to be $7$ based on these probabilities and lengths."
19,"A subset $S$ of \{1,2,3, . . . , 2025\} is called balanced if for all elements $a$ and $b$ both in $S$, there exists an element $c$ in $S$ such that 2025 divides $a + b - 2c$. Compute the number of nonempty balanced subsets.",3751,"We work mod 2025, so the condition becomes that for any $a,b \in S$, we have $\frac{a + b}{2} \in S$. First, we prove that $S$ must be an arithmetic sequence. Observe that if $S$ is balanced, then so is the shift $S + k = \{s + k|s \in S\}$ for all $k$, so we can assume $0 \in S$. Let $s$ be an element of $S$ such that $d = \text{gcd}( s,2025)$ is minimal. Observe that for any $t \in S$, we have $\frac{t}{2} = 0 + \frac{t}{2} \in S$. Thus, $\frac{s}{2^{n}$ is in $S$ for all $n$. Because $\text{gcd}(2 ,2025) = 1$, this implies $2^{n s \mod 2025 \in S$ for all $n$. We prove the following claim. \newline Claim 1. For all positive integers $m$, we have $m s \in S$. \newline Proof. We proceed with induction on the number of 1’s in the binary representation of $m$. \newline Base Case: $m$ has one 1 in binary, so $m$ is a power of 2. Then $ms \in S$ as noted above. \newline Induction Step: Assume the claim holds for all $m$ which have $k$ 1’s in their binary representations. Suppose $m$ has $k + 1$ 1’s in its binary representation. Let $2^{n$ be the largest power of 2 which is at most $m$. Then $m - 2^{n$ has $k$ 1’s in its binary representation, so $2( m - 2^{n)$ does as well. By the induction hypothesis, $2( m - 2^{n)s \in S$. Also, $2^{{n + 1}s \in S$, so $ms = \frac{2^{{n + 1}s + 2(m - 2^{n)s}{2} \in S$, as desired. \newline It follows that every multiple of $s$ is in $S$. The multiples of $s$ are precisely the multiples of $d$, so $S$ contains every multiple of $d$. Now assume for sake of contradiction that $S$ contains some element $t$ which is not a multiple of $d$, so we can write $t = cd + r$ such that $0 < r < d$. Then $\frac{2 t}{2} \in S$, so $r = \frac{2t + ( - 2c)d}{2} \in S$. But then $\text{gcd}( r,2025) \leq r < d$, contradicting the minimality of $d$. Thus $S$ is precisely the multiples of $d$. \newline It can be verified that for any $d|2025$, the set of multiples of $d$ is balanced. Indeed, as $d$ is odd, for any $ad,bd \in S$, their average $\frac{(a + b)d}{2}$ is a multiple of $d$ and hence also in $S$. Thus, any shift of such a set is also balanced; as seen above, these classify all balanced sets. For each $d|2025$, there are $d$ choices for $S$, so the answer is $\sum_{{d|2025}d = \frac{3^{5 - 1}{2} \times \frac{5^{3 - 1}{4} = 3751$."
20,Compute the $100^{{th}$ smallest positive multiple of $7$ whose digits in base $10$ are all strictly less than $3$.,,"The problem solution provided in the text does not match the problem statement. Therefore, I cannot extract a proper solution for the given problem."
21,"Compute the unique 5 - digit positive integer $abcde$ such that $a \neq 0, c \neq 0$, and $abcde = (ab + cde)^{2$.",88209,"Let $ab = X$ and $cde = Y$. The original equation is equivalent to $1000X + Y = (X + Y)^{2$. Taking this modulo 999, we get $(X + Y)^{2 \equiv X + Y \pm od{999}$. Therefore, $27 \cdot 37 = 999$ divides $(X + Y)(X + Y - 1)$. Since $\gcd(X + Y, X + Y - 1) = 1$, each of 27 and 37 can divide at most one of $X + Y$ and $X + Y - 1$. Therefore, $X + Y$ is either 0 or 1 modulo 27, as well as 0 or 1 modulo 37. By the Chinese Remainder Theorem, the four possible residues for $X + Y$ modulo 999 are 0, 1, 297, and 703. Since $(X + Y)^{2 = abcde$ must be a 5 - digit integer, we know $100 \leq X + Y \leq 316$, so the only possible value for $X + Y$ is 297. Thus, the answer is $(X + Y)^{2 = 297^{2 = 88209$."
22,"Let $a, b,$ and $c$ be real numbers such that $a^{2(b + c) = 1, b^{2(c + a) = 2,$ and $c^{2(a + b) = 5$. Given that there are three possible values for $abc$, compute the minimum possible value of $abc$.",$ - 5 - \frac{\sqrt{5}}{2}$,"Let $x = abc$. Multiplying all equations together and simplifying gives $$(abc)^{2(a + b)(b + c)(c + a) = 10,$$ $$(abc)^{2\left(a^{2(b + c) + b^{2(c + a) + c^{2(a + b) + 2abc\right) = 10,$$ $$x^{2(x + 4) = 5.$$ The resulting cubic factors as $(x - 1)(x^{2 + 5x + 5) = 0$. Therefore, the smallest possible value of $abc$ is $$ - 5 - \frac{\sqrt{5}}{2}.$$"
23,"Regular hexagon $ABCDEF$ has side length 2. Circle $\omega$ lies inside the hexagon and is tangent to segments $AB$ and $AF$. There exist two perpendicular lines tangent to $\omega$ that pass through $C$ and $E$, respectively. Given that these two lines do not intersect on line $AD$, compute the radius of $\omega$.",\frac{3}{2}(\sqrt{3} - 1),"Let $O$ be the center of $\omega$, and let the two tangent lines intersect at $P$. Note that $O$ lies on the external angle bisector of $\angle CPE$ because the tangents are symmetric about line $PO$. Additionally, $O$ lies on the perpendicular bisector of $CE$ by symmetry. By Fact 5, $COPE$ is cyclic and $\angle COE = 90^{\circ$. To finish, observe that $\angle COD = 45^{\circ$. Dropping the altitude $CH$ down to $AD$ gives $OH = CH = \sqrt{}$"
24,"For any integer $x$, let $$f(x) = 100! \left(1 + \frac{x}{1!} + \frac{x^{2}{2!} + \frac{x^{3}{3!} + \cdots + \frac{x^{{100}}{100!} \right).$$ A positive integer $a$ is chosen such that $f(a) - 20$ is divisible by $101^{2$. Compute the remainder when $f(a + 101)$ is divided by $101^{2$.",1939,"Solution 1: By employing the binomial theorem, it's found that $(a + 101)^{n \equiv a^{n + \binom{n}{1} a^{{n - 1} \times 101 = a^{n + 101 n a^{{n - 1} \pm od{101^{2}$. Applying this, we have $$f(a + 101) = 100! \sum_{{n = 0}^{{100} \frac{(a + 101)^{n}{n!} \equiv 100! \sum_{{n = 0}^{{100} \left( \frac{a^{n}{n!} + \frac{101 n a^{{n - 1}}{n!} \right) \equiv f(a) + 100! \cdot 101 \sum_{{n = 1}^{{100} \frac{a^{{n - 1}}{(n - 1)!} \equiv f(a) + 101 (f(a) - 1) \equiv 20 + 101(20 - 1) = 1939 \pm od{101^{2}.$$ Solution 2: Via Hensel's lemma, given $101$ is prime and for any integer $x$ not divisible by $101$, $f'(x) = 100! \left( 1 + x + \frac{x^{2}{2!} + \cdots + \frac{x^{{99}}{99!} \right) = f(x) - \frac{x^{{100}}{100!} \equiv f(x) - 1 \pm od{101}$. Thus $f(a + 101) \equiv f(a) + 101 f'(a) \equiv 20 + 101 \times 19 \equiv 1939 \pm od{101^{2}$. Remark adds that all feasible $a$ values lead to the same answer."
25,"Let $ABCD$ be a trapezoid such that $AB \parallel CD$, $AD = 13$, $BC = 15$, $AB = 20$, and $CD = 34$. Point $X$ lies inside the trapezoid such that $\angle XAB = 2\angle XBA$ and $\angle XDC = 2\angle XCD$. Compute $XD - XA$.",4,"Construct point $P$ on $AB$ such that $XA = XP$ and point $Q$ on $CD$ such that $XD = XQ$. The angle condition gives $QC = XQ = XD$ and $PB = XP = XA$. Moreover, $ADQP$ is an isosceles trapezoid. Let $S$ be the projection of $A$ onto $CD$, and let $T$ be on $CD$ such that $AT\parallel BC$. Then $ADT$ is a $13 - 14 - 15$ triangle, so $DS = 5$. Therefore, $QD - PA = 10$. Finally, we get $XD - XA = QC - PB = (34 - QD) - (20 - PA) = 14 - 10 = 4$."
26,"Isabella has a bag with 20 blue diamonds and 25 purple diamonds. She repeats the following process 44 times: she removes a diamond from the bag uniformly at random, then puts one blue diamond and one purple diamond into the bag. Compute the expected number of blue diamonds in the bag after all 44 repetitions.",$\frac{173}{4}$,"Let $a = 20$ and $b = 25$ be the initial numbers of blue and purple diamonds, respectively, and let $c = 44$ be the number of times Isabella performs the operation. Suppose that at some point, the bag contains $x$ blue diamonds and $y$ purple diamonds, for $x + y = z$ total diamonds. After one step, the bag will have $z + 1$ diamonds. The expected change in the number of blue diamonds in this step is $\left(\frac{ - x}{z}\right) + 1 = \frac{y}{z}$, and likewise this quantity for purple diamonds is $\frac{x}{z}$. Thus, the expected change in the difference between the number of blue and purple diamonds is $\left(\frac{y - x}{z}\right)$. Since this difference was initially $x - y$, the expected value of this difference is multiplied by $\left(\frac{z - 1}{z}\right)$ at each step (regardless of $x - y$). Since $z$ starts at $a + b$ and ends at $a + b + c$, the expected difference after $c$ operations is $(a - b)\cdot\frac{a + b + c - 1}{z} = (a + b - 1)(a - b)(a + b + c - 1)$, and as the total number of diamonds is $a + b + c$, the expected number of blue diamonds at the end is $\frac{a + b + c}{2} + \frac{(a + b - 1)(a - b)}{2(a + b + c - 1)}$. Plugging in $a = 20$, $b = 25$, and $c = 44$ gives us the answer, $\frac{173}{4}$."
27,"Compute the number of ordered pairs $(m, n)$ of odd positive integers both less than 80 such that $ ext{gcd}(4m + 2m + 1,4n + 2n + 1)>1$.",820,"First, we characterize all ordered pairs of general (not necessarily odd) positive integers $(m, n)$ such that $ ext{gcd}(4m + 2m + 1,4n + 2n + 1)>1$. We claim that $(m, n)$ works if and only if either • $m$ and $n$ are both even, or • $ u_{3(m) = u_{3(n)$. Proof of necessity. Suppose that $p$ is a prime that divides both $4m + 2m + 1$ and $4n + 2n + 1$. If $p = 3$, $m$ and $n$ must both be even. Henceforth assume that $p \neq 3$. Let $d$ be the order of $2$ modulo $p$. Then, as $p | 2^{{3m} - 1$, we find that $d | 3m$. Furthermore, we cannot have $p | 2^{m - 1$. Otherwise, by lifting the exponent (and $p \neq 3$), $ u_{p(2^{{3m} - 1) = u_{p(2^{m - 1) + u_{p(3) = u_{p(2^{m - 1) = \Rightarrow \nu_{p(4m + 2m + 1) = 0$. The previous two results imply $ u_{3(d) = u_{3(m) + 1$. Similarly, $ u_{3(d) = u_{3(n) + 1$, so $ u_{3(m) = u_{3(n)$. Proof of sufficiency. If $m$ and $n$ are both even, then $3$ divides both $4m + 2m + 1$ and $4n + 2n + 1$. If $ u_{3(m) = u_{3(n) = k$, then we claim that $4^{{3k} + 2^{{3k} + 1$ divides both $4m + 2m + 1$ and $4n + 2n + 1$. Indeed, note that as polynomials, $x^{2 + x + 1$ divides $x^{{2\ell} + x^{{\ell} + 1$ when $3 \nmid \ell$. Plugging in $x = 2^{{3k}$ with $\ell = m/3^{k$ and $\ell = n/3^{k$ yields the desired result. Answer Extraction. We count pairs of odd integers $(m, n)$ less than 80 with $ u_{3(m) = u_{3(n)$. Of all integers in the set $\ ext{{1,3,5, ..., 79}}$, there are $27, 9, 3$, and $1$ of them that have $ u_{3$ equal to $0, 1, 2$, and $3$, respectively. Hence, the answer is $27^{2 + 9^{2 + 3^{2 + 1^{2 = 820$."
28,"Let $f$ be a function from nonnegative integers to nonnegative integers such that $f(0) = 0$ and $f(m) = f\left(\left\lfloor\frac{m}{2}\right\rfloor\right) + \left\lceil\frac{m}{2}\right\rceil^{2$ for all positive integers $m$. Compute $$\frac{f(1)}{1\cdot2} + \frac{f(2)}{2\cdot3} + \frac{f(3)}{3\cdot4} + \cdots + \frac{f(31)}{31\cdot32}.$$ (Here, $\left\lfloor z \right\rfloor$ is the greatest integer less than or equal to $z$, and $\left\lceil z \right\rceil$ is the least positive integer greater than or equal to $z$.)",$\frac{341}{32}$,"Solution 1: For all positive integers $n$, let $\omega(n) = f(n) - f(n - 1)$. We claim that $\omega(n)$ is the largest odd divisor of $n$ for all $n > 0$. Indeed, for all positive integers $k$, we have $ \omega(2k) = f(2k) - f(2k - 1) = f(k) + k^{2 - (f(k - 1) + k^{2) = f(k) - f(k - 1) = \omega(k), $ and $ \omega(2k + 1) = f(2k + 1) - f(2k) = f(k) + (k + 1)^{2 - (f(k) + k^{2) = 2k + 1. $ Inducting on the positive integers implies that $\omega(n)$ is indeed the largest odd divisor of $n$. We can now rewrite the sum as $ \sum_{{n = 1}^{{31}\frac{f(n)}{n(n + 1)} = \sum_{{n = 1}^{{31}\left(\frac{f(n)}{n} - \frac{f(n)}{n + 1}\right) $ $ = \sum_{{n = 1}^{{30}\frac{f(n) - f(n - 1)}{n} - \frac{f(31)}{32}.$"
29,"Points $A$ and $B$ lie on circle $ ext{\_{\_{\_{}$ with center $O$. Let $X$ be a point inside $ ext{\_{\_{\_{}.$ Suppose that $XO = 2\sqrt{2}$, $XA = 1$, $XB = 3$, and $\angle AXB = 90^{{\circ}$. Points $Y$ and $Z$ are on $ ext{\_{\_{\_{}$ such that $Y \neq A$ and triangles $\triangle AXB$ and $\triangle YXZ$ are similar with the same orientation. Compute $XY$.",$\frac{11}{5}$,"Consider a rotation about $X$ by $90^{{\circ}$ followed by a homothety with ratio $\frac{1}{3}$ that sends $B$ to $A$. This sends $\text{\_{\_{\_{}$ to $\text{\_{\_{\_{}^{{\prime}$ with radius $\frac{1}{3}$ of the radius of $\text{\_{\_{\_{}$ and center $O^{{\prime}$. Since $A$ is the image of $B$ under this rotation, we know $A$ lies on both circles; the same argument shows $Y$ must lie on both circles. Thus, $Y$ is the reflection of $A$ over $OO^{{\prime}$. In particular, this means that $XY = AX^{{\prime}$, where $X^{{\prime}$ is the reflection of $X$ over $OO^{{\prime}$. Let $M$ be the midpoint of $AB$. Note that because $\triangle OXO^{{\prime} \sim \triangle BXA$, we also have $\triangle XOX^{{\prime} \sim \triangle XMA$, as they are both isosceles and $\angle XOX^{{\prime} = 2\angle XOO^{{\prime} = 2\angle XBA = \angle XMA$. This implies that $\triangle XOM \sim \triangle XX^{{\prime}A$. Thus, we know that $AX^{{\prime} = OM \cdot \frac{XA}{XM} = 2\sqrt{10}OM$. It remains to compute $OM$; noting that the distance between $O$ and the foot from $X$ to $AB$ is $\frac{2}{5}\sqrt{10}$, and that the altitude of $\triangle AXY$ has length $\frac{3}{10}\sqrt{10}$, we get that the distance from $O$ to $AB$ is \begin{align*} \frac{3}{10}\sqrt{10} + \left(\frac{2\sqrt{2}}{1}\right)^{2 - \left(\frac{2}{5}\sqrt{10}\right)^{2 = \frac{11}{10}\sqrt{10} \end{align*} by the Pythagorean theorem, which means that $XY = AX^{{\prime} = \frac{11}{5}$."
30,"Let $a,b$, and $c$ be real numbers satisfying the system of equations $$\frac{a}{1 + b^{2} + \frac{b}{1 + a^{2} = \frac{3}{4},$$ $$\frac{b}{1 + c^{2} + \frac{c}{1 + b^{2} = \frac{5}{12},$$ and $$\frac{c}{1 + a^{2} + \frac{a}{1 + c^{2} = \frac{21}{20}.$$ Compute $a$.",Solution not provided,Solution not provided
31,There exists a unique circle that is both tangent to the parabola $y = x^{2$ at two points and tangent to the curve $x = rac{q y^{3}{1 - y}$. Compute the radius of this circle.,rac{ rac{ oot 4 \sqrt{5}}{2}},"We can square both sides of the second curve to get $x^{2 = rac{y^{3}{1 - y}$, which further rearranges to $$x^{2 (x^{2 + y^{2)^{2 = y (x^{2 + y^{2).$$ This relation implies that curves $y = x^{2$ and $x^{2 = rac{y^{3}{1 - y}$ map to each other under inversion about the unit circle $x^{2 + y^{2 = 1$. Therefore, the unique circle we seek must be invariant under inversion about $x^{2 + y^{2 = 1$. Since the circle is tangent to $y = x^{2$, we know that the circle is of the form $x^{2 + (y - y_{0)^{2 = r^{2$. We know that the length of the tangent from $(0, 0)$ to this circle is 1. Since the distance from $(0,0)$ to the center of the circle is $y_{0$, using the Pythagorean Theorem gives $r^{2 + 1 = y_{0^{2$."
32,"In the coordinate plane, a closed lattice loop of length $2 n$ is a sequence of lattice points $P_{0, P_{1, P_{2, \ldots, P_{{2n}$ such that $P_{0$ and $P_{{2n}$ are both the origin and $P_{iP_{{i + 1} = 1$ for each $i$. A closed lattice loop of length 2026 is chosen uniformly at random from all such loops. Let $k$ be the maximum integer such that the line $\ell$ with equation $x + y = k$ passes through at least one point of the loop. Compute the expected number of indices $i$ such that $0 \leq i \leq 2025$ and $P_{i$ lies on $\ell$. (A lattice point is a point with integer coordinates.)",$\frac{1013}{507}$,"We claim that if 2026 is replaced with $2n$, the answer is $\frac{2n}{n + 1}$. Write the path as a sequence of $U,D,L,$ and $R$ moves. The possible sequences that can result are precisely those with an equal number of $U$’s and $D$’s, and an equal number of $R$’s and $L$’s. We first project this sequence onto a single dimension by converting each $U$ and $R$ to a $1$, and each $D$ and $L$ to a $ - 1$. The resulting sequence will have an equal number of $1$’s and $ - 1$’s. We claim that every such sequence of $n$ $1$’s and $n$ $ - 1$’s corresponds to the same number of closed lattice loops. Indeed, given such a sequence, a corresponding lattice loop can be made by replacing all $1$’s with $U$’s and $R$’s, and all $ - 1$’s with $D$’s and $L$’s, so that there are an equal number of $U$’s and $D$’s. Nothing in this replacement process is order - dependent, so the number of ways to create this loop does not depend on the initial sequence. We can see that each of the $1$’s move the path towards $\ell$ and the $ - 1$’s move the path away. Hence, we can think of the path as a one - dimensional walk, starting and ending in the same place, where the points on $\ell$ correspond exactly to the maxima of this one - dimensional walk. Using Catalan numbers, the probability that any given point is at the maxima is $\frac{1}{n + 1}$. Thus by linearity, the expected number of $i \in [0,2025]$ such that $P_{i$ is on $\ell$ is $\frac{2n}{n + 1}$. Plugging in $n = 1013$ gives a final answer of $\frac{1013}{507}$."
34,"On the perimeter of a unit circle, 12 points are chosen uniformly and independently at random. Estimate the expected value of the area of the convex 12 - gon formed by these points. Submit a positive number $E$ written in decimal. If the correct answer is $A$, you will receive $\text{round}\left(20e^{{ - 15|E - A|}\right)$ points.",$2.55915198$,"We compute the exact answer as follows. Let $n = 12$ and $ heta_{1, heta_{2, ... heta_{n$ be uniformly randomly generated such that $ heta_{1 + heta_{2 + heta_{3 + heta_{4 + heta_{5 + heta_{6 + heta_{7 + heta_{8 + heta_{9 + heta_{{10} + heta_{{11} + heta_{{12} = 2 heta_{{pi}$. We are trying to estimate $E\left[ \frac{1}{2n} \sum_{{i = 1}^{{n} \sin(\theta_{i) \right] = \frac{1}{2n} \sum_{{i = 1}^{{n} E[\sin(\theta_{i)].$ We do this by computing the marginal distribution of $\theta_{i$, which is proportional to the area of the $n - 2$ dimensional cross section $\sum_{{j eq i} \theta_{j = 2\pi - \theta_{i$. The volume of this cross section is proportional to $(2\pi - \theta_{i)^{{n - 2}$. Thus, the marginal probability distribution of $\theta_{i$ can be written as $p(\theta_{i) = C(2\pi - \theta_{i)^{{n - 2}$ for some constant $C$. We can solve for $C$ because we know $\int_{{0}^{{2\pi} p(\theta_{i) d\theta_{i = 1$. The result is that $p(\theta_{i) = \frac{n - 1}{2\pi} \left( 1 - \frac{\theta_{i}{2\pi} \right)^{{n - 2}$. Thus, the quantity that we seek to estimate is $E\left[ \frac{1}{2n} \sum_{{i = 1}^{{n} \sin(\theta_{i) \right] = \frac{n}{2} E[\sin(\theta_{i)] = \frac{n(n - 1)}{4\pi} \int_{{0}^{{2\pi} \left( 1 - \frac{\theta}{2\pi} \right)^{{n - 2} \sin(\theta) d\theta = \frac{33}{\pi} \int_{{0}^{{2\pi} \left(1 - \frac{\theta}{2\pi} \right)^{{10} \sin(\theta) d\theta$. Integrating this using tabular integration by parts, focusing on terms that do not vanish over the definite integral from 0 to $2\pi$, leads to the final estimation of $E = \frac{33}{\pi} \left(1 - \frac{45}{2\pi^{2} + \frac{315}{\pi^{4} - \frac{4725}{2\pi^{6} + \frac{14175}{2\pi^{8} \right) = \frac{33}{\pi} - \frac{1485}{2\pi^{3} + \frac{10395}{\pi^{5} - \frac{155925}{\pi^{7} + \frac{467775}{2\pi^{9} \$."
35,"Call an 8 - digit number a flamingo if it uses each of the digits 2 through 9 exactly once. Estimate the number of flamingos that are prime. Submit a positive integer $E$. If the correct answer is $A$, you will receive $ ext{round}igg(20 imes ext{min}igg( rac{A}{E}, rac{E}{A}igg) + 21igg)$ points.",3098,"There are $8! = 40320$ flamingos which have average $m = 61111110.5$. No flamingo is divisible by 3, as they all have digit sum 44. Assuming each flamingo has a $ rac{2}{3} imes rac{1}{ ext{ln}(m)}$ probability of being prime, we get an estimate of 3373, which scores 3 points. We can do a lot better by noting that $ rac{3}{8}$ of flamingos aren’t divisible by 2 or 5 (the ones ending in 3, 7, or 9), as compared to $ rac{4}{10}$ of numbers in general. Adjusting our old estimate by a factor of $ rac{3}{8} imes rac{10}{4}$, we get a new estimate of 3162, which scores 12 points. We can still make some minor improvements. Since the digit sum of a flamingo is 44, a flamingo is divisible by 11 if and only if the alternating digit sums are both 22 (as they can’t be as low as 11). There are 8 four - element subsets of \{2,3, . . . , 9\} which have sum 22, and 70 four - element subsets in all, so $ rac{8}{70}$ of flamingos are divisible by 11. Adjusting our estimate by a factor of $ rac{62}{70} imes rac{11}{10}$, we get a new estimate of 3081, which scores 17 points. Finally, the estimate of $ rac{1}{ ext{ln}(m)}$ isn’t the most accurate. We can do better with the logarithmic integral; the number of primes from 23456789 to 98765432 is approximately $ rac{4220000}{75308644} imes 8! imes rac{3}{2} imes rac{3}{8} imes rac{10}{4} imes rac{62}{70} imes rac{11}{10} \ hickapprox 3096$, which is accurate enough for all 20 points."
36,"Ethan initially writes some numbers on a blackboard, each of which is either a 3 or a 5. He then repeatedly picks two numbers and replaces them with their sum, difference, product, or quotient (if the divisor is nonzero). Let $f(n)$ denote the minimum number of numbers Ethan must initially write for him to be able to eventually write the number $n$. For example, $f(2025) \leq 6$ because Ethan could start with 3, 3, 3, 3, 5, and 5 on the board, then repeatedly multiply two numbers at a time to eventually get 2025. Submit a comma - separated ordered 8 - tuple of integers corresponding to the values of $f(164)$, $f(187)$, $f(191)$, $f(224)$, $f(255)$, $f(286)$, $f(374)$, and $f(479)$, in that order, or an X for any value you wish to leave blank. For instance, if you think $f(164) = 9$ and $f(224) = 8$, you should submit “9, X, X, 8, X, X, X, X”. You will earn $0.6W\cdot(C + 1)^{2 / 4k$ points, where $C$ is the number of correct answers you submit and $W$ is the number of incorrect (non - blank) answers.",,"This problem does not provide a detailed solution process for finding the values of $f(n)$ for the specified $n$. As the text implies a method without explicitly stating any solutions, no specific answers can be extracted from the given solution text. Participants are expected to determine their own strategies for finding the minimum number of numbers required."